0,country,lat,lon,temp_max,humidity,all,speed,0
Sittwe,MM,20.15,92.9,77.67,52.0,0.0,8.32,1584930808.0
Kapaa,US,22.08,-159.32,78.8,88.0,90.0,18.34,1584930808.0
Punta Arenas,CL,-53.15,-70.92,53.6,93.0,90.0,11.41,1584930809.0
,,,,,,,,
Kinablangan,PH,7.69,126.55,78.93,79.0,16.0,7.2,1584930809.0
Brae,GB,60.4,-1.35,42.8,81.0,100.0,27.51,1584930809.0
Kautokeino,NO,69.01,23.04,27.63,78.0,98.0,24.25,1584930809.0
Kavaratti,IN,10.57,72.64,83.43,69.0,96.0,9.66,1584930677.0
,,,,,,,,
Lüderitz,NA,-26.65,15.16,62.6,77.0,0.0,12.75,1584930809.0
Ürümqi,CN,43.8,87.6,50.0,57.0,50.0,4.47,1584930809.0
Guerrero Negro,MX,27.98,-114.06,61.65,73.0,40.0,11.56,1584930810.0
Butaritari,KI,3.07,172.79,83.79,77.0,0.0,17.07,1584930810.0
Port Alfred,ZA,-33.59,26.89,66.99,97.0,100.0,3.0,1584930810.0
Inta,RU,66.03,60.17,16.47,92.0,100.0,19.44,1584930810.0
Avarua,CK,-21.21,-159.78,80.6,78.0,100.0,4.7,1584930810.0
Hilo,US,19.73,-155.09,75.2,69.0,90.0,10.29,1584930810.0
Upernavik,GL,72.79,-56.15,-15.39,98.0,0.0,0.67,1584930811.0
New Norfolk,AU,-42.78,147.06,63.0,47.0,40.0,5.82,1584930811.0
Okha,RU,53.57,142.95,22.05,88.0,100.0,11.27,1584930811.0
Saskylakh,RU,71.92,114.08,-19.71,94.0,64.0,10.58,1584930811.0
Talaya,RU,61.38,152.75,21.87,71.0,100.0,6.2,1584930811.0
Argetoaia,RO,44.52,23.37,33.01,96.0,90.0,10.29,1584930811.0
Olafsvik,IS,64.89,-23.71,36.63,82.0,100.0,13.29,1584930811.0
Cherskiy,RU,68.75,161.3,17.01,92.0,100.0,16.46,1584930784.0
Mossamedes,AO,-15.2,12.15,74.07,85.0,100.0,4.0,1584930812.0
Rikitea,PF,-23.12,-134.97,78.93,70.0,82.0,2.46,1584930812.0
Jamestown,US,42.1,-79.24,41.0,37.0,90.0,8.05,1584930812.0
Yellowknife,CA,62.46,-114.35,30.2,63.0,75.0,2.24,1584930812.0
George Town,MY,5.41,100.34,86.0,70.0,20.0,4.7,1584930737.0
Hermanus,ZA,-34.42,19.23,64.89,86.0,2.0,12.28,1584930812.0
Shimoda,JP,34.67,138.95,59.0,58.0,75.0,19.46,1584930812.0
Tuktoyaktuk,CA,69.45,-133.04,-4.0,76.0,5.0,13.87,1584930813.0
Busselton,AU,-33.65,115.33,80.01,39.0,13.0,3.38,1584930813.0
Bredasdorp,ZA,-34.53,20.04,59.0,93.0,24.0,2.24,1584930813.0
Dikson,RU,73.51,80.55,-7.11,99.0,97.0,16.22,1584930813.0
Vaini,TO,-21.2,-175.2,80.6,83.0,75.0,12.75,1584930813.0
Barrow,US,71.29,-156.79,-5.8,76.0,1.0,8.05,1584930813.0
Kumul,CN,42.8,93.45,54.09,27.0,95.0,2.66,1584930813.0
,,,,,,,,
Karlovasi,GR,37.79,26.7,55.4,82.0,40.0,9.17,1584930813.0
Cazones de Herrera,MX,20.72,-97.32,70.11,92.0,32.0,3.62,1584930814.0
Gaillac,FR,43.9,1.9,51.8,71.0,40.0,9.17,1584930814.0
Mar del Plata,AR,-38.0,-57.56,73.0,68.0,0.0,5.82,1584930814.0
Port Elizabeth,ZA,-33.92,25.57,64.4,93.0,90.0,16.11,1584930605.0
Christiana,ZA,-27.91,25.16,61.83,82.0,74.0,6.53,1584930814.0
Ribeira Grande,PT,38.52,-28.7,52.11,76.0,54.0,4.63,1584930814.0
Ushuaia,AR,-54.8,-68.3,50.0,66.0,100.0,10.29,1584930814.0
Asău,RO,46.43,26.4,30.2,100.0,90.0,12.75,1584930814.0
East London,ZA,-33.02,27.91,74.43,87.0,91.0,4.99,1584930815.0
Cortez,US,37.35,-108.59,44.6,45.0,1.0,3.36,1584930815.0
Codrington,AU,-38.27,141.97,58.23,62.0,67.0,9.71,1584930815.0
Mataura,NZ,-46.19,168.86,45.0,78.0,100.0,20.0,1584930815.0
Wiwilí,NI,13.63,-85.83,65.79,91.0,25.0,3.98,1584930816.0
Baní,DO,18.28,-70.33,75.99,91.0,14.0,8.16,1584930745.0
Hasaki,JP,35.73,140.83,52.0,57.0,75.0,14.99,1584930816.0
Chui,UY,-33.7,-53.46,64.89,85.0,0.0,6.67,1584930816.0
Thompson,CA,55.74,-97.86,28.4,79.0,75.0,8.05,1584930816.0
Lima,PE,-12.04,-77.03,77.0,65.0,100.0,12.75,1584930598.0
Assiut,EG,27.18,31.18,53.6,50.0,95.0,6.93,1584930816.0
Leningradskiy,RU,69.38,178.42,14.13,84.0,100.0,8.97,1584930545.0
Bilibino,RU,68.05,166.44,13.41,91.0,100.0,3.4,1584930817.0
Rio Grande,BR,-32.03,-52.1,69.01,86.0,0.0,10.42,1584930528.0
,,,,,,,,
,,,,,,,,
Baruun-Urt,MN,46.68,113.28,50.31,25.0,0.0,12.55,1584930817.0
Qaanaaq,GL,77.48,-69.36,-10.35,68.0,68.0,3.51,1584930817.0
Ikungi,TZ,-5.13,34.77,57.33,94.0,74.0,1.7,1584930817.0
Río Gallegos,AR,-51.62,-69.22,57.2,71.0,70.0,12.75,1584930818.0
Straumen,NO,63.87,11.3,42.01,47.0,93.0,18.34,1584930818.0
Sur,OM,22.57,59.53,76.41,73.0,67.0,14.38,1584930818.0
Albany,US,42.6,-73.97,33.8,34.0,75.0,3.36,1584930598.0
,,,,,,,,
Eureka,US,40.8,-124.16,52.0,81.0,90.0,3.36,1584930746.0
Japura,ID,-0.32,102.35,81.81,82.0,100.0,2.51,1584930818.0
Pozo Colorado,PY,-23.49,-58.8,71.91,40.0,0.0,5.37,1584930819.0
Kupang,ID,-10.17,123.58,86.0,70.0,40.0,2.24,1584930819.0
Chichibu,JP,35.99,139.08,55.99,34.0,90.0,10.29,1584930819.0
Anadyr,RU,64.75,177.48,30.2,80.0,100.0,8.95,1584930819.0
Camacupa,AO,-12.02,17.48,63.99,93.0,100.0,1.41,1584930819.0
Copiapó,CL,-27.37,-70.33,60.8,72.0,0.0,8.05,1584930819.0
Bac Lieu,VN,9.29,105.72,91.17,41.0,75.0,7.85,1584930819.0
Hobart,AU,-42.88,147.33,63.0,47.0,40.0,5.82,1584930819.0
,,,,,,,,
Ahipara,NZ,-35.17,173.17,69.03,83.0,100.0,20.2,1584930820.0
Hualmay,PE,-11.1,-77.61,72.99,62.0,97.0,3.06,1584930820.0
Kahului,US,20.89,-156.47,78.8,61.0,40.0,21.92,1584930820.0
Caravelas,BR,-17.71,-39.25,80.55,79.0,93.0,19.04,1584930820.0
Bambous Virieux,MU,-20.34,57.76,78.8,94.0,75.0,11.41,1584930820.0
Arraial do Cabo,BR,-22.97,-42.03,75.15,72.0,0.0,13.33,1584930820.0
Beringovskiy,RU,63.05,179.32,34.29,93.0,100.0,14.2,1584930820.0
Broome,US,42.25,-75.83,36.0,40.0,1.0,13.87,1584930821.0
Ostrovnoy,RU,68.05,39.51,22.95,86.0,100.0,24.85,1584930821.0
Tallahassee,US,30.44,-84.28,71.01,82.0,1.0,3.78,1584930592.0
Pochutla,MX,15.74,-96.47,82.4,69.0,5.0,10.76,1584930821.0
Fairbanks,US,64.84,-147.72,19.4,73.0,90.0,5.82,1584930821.0
Agra,IN,27.18,78.02,78.39,30.0,33.0,5.26,1584930764.0
Tasiilaq,GL,65.61,-37.64,24.8,92.0,100.0,1.12,1584930821.0
,,,,,,,,
,,,,,,,,
Alofi,NU,-19.06,-169.92,86.0,70.0,65.0,8.05,1584930663.0
Cabo San Lucas,MX,22.89,-109.91,71.6,56.0,5.0,2.24,1584930822.0
Carnarvon,AU,-24.87,113.63,96.8,32.0,0.0,12.75,1584930822.0
Awjilah,LY,29.11,21.29,63.45,49.0,8.0,6.78,1584930822.0
Zhigansk,RU,66.77,123.37,1.53,78.0,67.0,18.75,1584930822.0
Batticaloa,LK,7.71,81.69,80.37,66.0,68.0,3.6,1584930822.0
Ust-Maya,RU,60.42,134.53,21.87,90.0,100.0,4.12,1584930822.0
Fortuna,US,40.6,-124.16,52.0,81.0,90.0,3.36,1584930822.0
Córdoba,AR,-31.41,-64.18,72.0,77.0,0.0,9.17,1584930823.0
Nemuro,JP,43.32,145.57,35.6,74.0,75.0,8.05,1584930823.0
Lata,PT,40.16,-8.33,55.4,87.0,75.0,5.82,1584930823.0
Santa Inês,BR,-3.67,-45.38,72.99,85.0,100.0,0.31,1584930729.0
,,,,,,,,
Narsaq,GL,60.92,-46.05,23.0,45.0,12.0,13.87,1584930823.0
Petropavlovsk-Kamchatskiy,RU,53.05,158.65,35.6,80.0,40.0,15.66,1584930816.0
Saint-Philippe,RE,-21.36,55.77,77.0,78.0,75.0,11.41,1584930823.0
Tahe,CN,52.33,124.73,33.39,53.0,0.0,4.27,1584930823.0
Alta Floresta,BR,-9.88,-56.09,71.73,93.0,97.0,1.68,1584930824.0
Husavik,IS,66.04,-17.34,35.6,74.0,27.0,41.38,1584930824.0
La Asuncion,VE,11.03,-63.86,80.6,83.0,1.0,19.46,1584930824.0
Erenhot,CN,43.65,111.98,50.13,24.0,0.0,9.75,1584930824.0
North Berwick,GB,56.06,-2.72,35.01,80.0,100.0,5.82,1584930824.0
Hearst,CA,49.68,-83.67,21.51,89.0,88.0,8.77,1584930803.0
Nikolskoye,RU,59.7,30.79,21.2,67.0,0.0,2.19,1584930824.0
Acaraú,BR,-2.89,-40.12,75.33,92.0,100.0,2.3,1584930824.0
,,,,,,,,
Belmonte,BR,-15.86,-38.88,75.2,88.0,75.0,4.7,1584930825.0
,,,,,,,,
Kargasok,RU,59.06,80.86,2.07,93.0,91.0,9.89,1584930825.0
Tura,IN,25.52,90.22,82.71,37.0,0.0,1.79,1584930825.0
Margate,GB,51.38,1.39,45.0,63.0,0.0,11.41,1584930825.0
Longyearbyen,SJ,78.22,15.64,19.4,79.0,90.0,26.4,1584930825.0
,,,,,,,,
Mampong,GH,7.06,-1.4,73.71,95.0,100.0,4.56,1584930825.0
Malacky,SK,48.44,17.02,30.2,54.0,0.0,13.87,1584930826.0
Yulara,AU,-25.24,130.99,91.4,16.0,27.0,17.22,1584930826.0
Naze,JP,28.37,129.48,73.4,73.0,75.0,14.99,1584930826.0
Nyurba,RU,63.28,118.33,26.01,95.0,100.0,11.59,1584930826.0
Hithadhoo,MV,-0.6,73.08,84.69,61.0,0.0,1.92,1584930630.0
Lebu,CL,-37.62,-73.65,54.09,87.0,56.0,8.63,1584930826.0
Los Llanos de Aridane,ES,28.66,-17.92,60.8,72.0,75.0,5.82,1584930827.0
,,,,,,,,
Nizhyn,UA,51.05,31.89,28.35,45.0,17.0,14.5,1584930827.0
Kaitangata,NZ,-46.28,169.85,57.0,82.0,100.0,37.71,1584930827.0
Clyde River,CA,70.47,-68.59,-13.0,83.0,1.0,3.36,1584930827.0
Murray Bridge,AU,-35.12,139.27,70.0,41.0,100.0,3.0,1584930827.0
Ust-Nera,RU,64.57,143.2,-0.63,90.0,100.0,6.29,1584930827.0
,,,,,,,,
Kangaatsiaq,GL,68.31,-53.46,15.21,86.0,100.0,22.59,1584930827.0
Kailua,US,21.4,-157.74,80.6,78.0,40.0,12.75,1584930828.0
Muros,ES,42.78,-9.06,54.0,93.0,20.0,4.7,1584930828.0
Dunmore East,IE,52.15,-6.99,35.01,82.0,12.0,15.01,1584930828.0
Atuona,PF,-9.8,-139.03,81.81,79.0,100.0,10.69,1584930828.0
Calabozo,VE,8.92,-67.43,82.53,50.0,11.0,7.78,1584930828.0
Joshīmath,IN,30.57,79.57,45.63,30.0,6.0,4.45,1584930828.0
,,,,,,,,
Chokurdakh,RU,70.63,147.92,1.53,78.0,93.0,2.46,1584930828.0
Norman Wells,CA,65.28,-126.83,14.0,78.0,90.0,19.46,1584930829.0
Fort Nelson,CA,58.81,-122.7,39.2,38.0,75.0,6.93,1584930624.0
Mchinji,MW,-13.8,32.88,62.37,98.0,61.0,1.81,1584930829.0
Cartagena,CO,10.4,-75.51,78.8,83.0,20.0,11.41,1584930829.0
Ancud,CL,-41.87,-73.82,55.4,82.0,90.0,11.41,1584930829.0
Saint George,US,37.1,-113.58,59.0,44.0,75.0,4.7,1584930656.0
Aksarka,RU,66.56,67.8,1.35,93.0,0.0,7.83,1584930829.0
Sukpak,RU,51.67,94.63,27.81,78.0,100.0,2.95,1584930829.0
Zhangye,CN,38.93,100.45,55.35,24.0,0.0,2.01,1584930830.0
Cape Town,ZA,-33.93,18.42,64.0,82.0,5.0,10.29,1584930578.0
Kushiro,JP,42.98,144.37,41.0,65.0,75.0,4.7,1584930830.0
Richards Bay,ZA,-28.78,32.04,74.61,83.0,98.0,16.15,1584930830.0
,,,,,,,,
São Filipe,CV,14.9,-24.5,67.95,81.0,5.0,18.16,1584930830.0
Souillac,MU,-20.52,57.52,78.8,94.0,75.0,11.41,1584930830.0
San Quintín,MX,30.48,-115.95,60.39,80.0,100.0,11.5,1584930830.0
Honningsvåg,NO,70.98,25.97,37.89,66.0,38.0,32.46,1584930831.0
Port Macquarie,AU,-31.43,152.92,72.0,78.0,93.0,1.99,1584930831.0
Krasnosel'kup,RU,65.7,82.47,-13.05,94.0,0.0,12.1,1584930831.0
Flinders,AU,-34.58,150.86,73.0,45.0,40.0,10.29,1584930831.0
Inhuma,BR,-6.67,-41.71,70.11,97.0,99.0,1.95,1584930831.0
Ivanava,BY,52.15,25.54,25.83,60.0,0.0,10.94,1584930831.0
Mananara,MG,-16.17,49.77,80.73,73.0,1.0,8.77,1584930831.0
Lavrentiya,RU,65.58,-171.0,33.39,95.0,100.0,14.38,1584930831.0
Robertsport,LR,6.75,-11.37,74.97,93.0,100.0,22.21,1584930832.0
,,,,,,,,
Boguchany,RU,58.38,97.45,17.73,78.0,100.0,19.8,1584930832.0
Mount Gambier,AU,-37.83,140.77,62.6,59.0,90.0,14.99,1584930644.0
São José da Coroa Grande,BR,-8.9,-35.15,82.71,76.0,0.0,13.33,1584930832.0
Omsukchan,RU,62.53,155.8,19.53,92.0,100.0,7.61,1584930832.0
Bethel,US,41.37,-73.41,37.4,59.0,1.0,9.17,1584930832.0
Brigantine,US,39.41,-74.36,42.8,65.0,90.0,14.99,1584930810.0
Manggar,ID,-2.88,108.27,82.53,76.0,73.0,7.31,1584930833.0
Bluff,NZ,-46.6,168.33,45.0,78.0,100.0,20.0,1584930833.0
Bonavista,CA,48.65,-53.11,19.99,78.0,100.0,13.0,1584930833.0
Itupiranga,BR,-5.13,-49.33,77.0,100.0,32.0,0.31,1584930833.0
Ilulissat,GL,69.22,-51.1,-0.4,59.0,0.0,6.93,1584930833.0
,,,,,,,,
Srednekolymsk,RU,67.45,153.68,14.13,84.0,100.0,14.61,1584930833.0
Ponta do Sol,PT,32.67,-17.1,57.2,82.0,75.0,17.22,1584930833.0
Uribia,CO,11.71,-72.27,76.41,74.0,22.0,7.87,1584930834.0
,,,,,,,,
Tarakan,ID,3.3,117.63,82.89,76.0,63.0,3.85,1584930834.0
Kamenka,RU,51.32,42.77,25.0,93.0,100.0,18.01,1584930834.0
Sørland,NO,67.67,12.69,40.41,85.0,100.0,27.54,1584930834.0
,,,,,,,,
,,,,,,,,
Linxia Chengguanzhen,CN,35.6,103.21,49.41,38.0,0.0,7.67,1584930834.0
Port Blair,IN,11.67,92.75,81.45,68.0,0.0,11.79,1584930835.0
Lakes Entrance,AU,-37.88,147.98,63.0,46.0,0.0,5.99,1584930835.0
,,,,,,,,
Wagar,SD,16.15,36.2,61.65,83.0,2.0,7.49,1584930835.0
Kishanganj,IN,26.12,87.93,77.67,51.0,73.0,3.36,1584930835.0
Vostok,RU,46.49,135.88,26.01,80.0,21.0,9.22,1584930835.0
Mehamn,NO,71.04,27.85,33.75,69.0,96.0,28.95,1584930835.0
Quatre Cocos,MU,-20.21,57.76,78.8,94.0,75.0,11.41,1584930835.0
Itapirapuã,BR,-15.82,-50.61,70.83,96.0,0.0,1.54,1584930836.0
Danville,US,36.59,-79.39,52.0,53.0,90.0,6.93,1584930836.0
Lorengau,PG,-2.02,147.27,84.69,69.0,53.0,5.14,1584930836.0
Phan Thiet,VN,10.93,108.1,88.29,38.0,2.0,9.84,1584930753.0
La Ronge,CA,55.1,-105.28,28.4,58.0,20.0,9.17,1584930836.0
Maniitsoq,GL,65.42,-52.9,10.17,63.0,41.0,4.63,1584930836.0
Deputatsky,RU,69.3,139.9,8.73,88.0,88.0,1.52,1584930836.0
Wadsworth,US,41.03,-81.73,41.0,93.0,90.0,4.7,1584930733.0
Saint Paul Harbor,US,57.79,-152.41,42.8,38.0,1.0,32.21,1584930837.0
Ossora,RU,59.24,163.07,32.85,94.0,100.0,13.4,1584930837.0
Talnakh,RU,69.49,88.4,-18.63,97.0,21.0,8.48,1584930837.0
,,,,,,,,
Chernoyerkovskaya,RU,45.43,37.77,46.0,93.0,75.0,4.47,1584930837.0
Palmer,US,42.16,-72.33,33.01,58.0,1.0,10.29,1584930824.0
Tautira,PF,-17.73,-149.15,87.8,62.0,75.0,16.11,1584930837.0
Vila do Maio,CV,15.13,-23.22,69.8,68.0,20.0,17.22,1584930837.0
Puerto Baquerizo Moreno,EC,-0.9,-89.6,79.11,78.0,0.0,10.74,1584930838.0
Patāmundai,IN,20.57,86.57,80.91,64.0,0.0,4.36,1584930838.0
Pangody,RU,65.85,74.49,-8.01,96.0,0.0,7.96,1584930838.0
Puerto Ayora,EC,-0.74,-90.35,79.0,83.0,0.0,1.01,1584930558.0
Kruisfontein,ZA,-34.0,24.73,63.45,90.0,89.0,7.49,1584930838.0
,,,,,,,,
Batemans Bay,AU,-35.72,150.18,66.99,55.0,58.0,6.64,1584930838.0
,,,,,,,,
Wasilla,US,61.58,-149.44,39.2,37.0,1.0,4.7,1584930839.0
Den Helder,NL,52.96,4.76,37.99,64.0,0.0,12.75,1584930839.0
,,,,,,,,
Paita,PE,-5.09,-81.11,79.11,61.0,96.0,6.44,1584930839.0
Kushmurun,KZ,52.45,64.63,20.61,85.0,100.0,7.14,1584930839.0
Khatanga,RU,71.97,102.5,-23.49,96.0,45.0,8.23,1584930839.0
Rio Pardo,BR,-29.99,-52.38,64.17,96.0,0.0,5.06,1584930800.0
Prado,BR,-17.34,-39.22,80.55,79.0,93.0,19.04,1584930839.0
Wonthaggi,AU,-38.6,145.59,64.99,63.0,25.0,8.01,1584930840.0
Esim,GH,4.87,-2.24,78.21,89.0,100.0,2.44,1584930840.0
Bay Roberts,CA,47.6,-53.26,21.99,85.0,90.0,12.75,1584930840.0
Omboué,GA,-1.57,9.26,75.33,96.0,90.0,2.55,1584930670.0
Rājāpur,IN,25.38,81.15,80.37,32.0,82.0,5.19,1584930840.0
,,,,,,,,
Mahébourg,MU,-20.41,57.7,78.8,94.0,75.0,11.41,1584930840.0
Priargunsk,RU,50.37,119.1,27.45,83.0,93.0,7.92,1584930840.0
Upata,VE,8.01,-62.4,71.19,80.0,67.0,7.72,1584930553.0
Visnes,NO,59.36,5.22,41.0,65.0,100.0,18.34,1584930841.0
Nanortalik,GL,60.14,-45.24,23.49,70.0,89.0,44.16,1584930841.0
,,,,,,,,
Bengkulu,ID,-3.8,102.27,75.15,92.0,100.0,2.89,1584930841.0
Toba,JP,34.48,136.85,57.2,35.0,20.0,21.92,1584930841.0
Butterworth,MY,5.4,100.36,86.0,70.0,20.0,4.7,1584930841.0
Baganga,PH,7.57,126.56,78.93,79.0,16.0,7.2,1584930841.0
Noumea,NC,-22.28,166.46,84.99,62.0,75.0,4.7,1584930718.0
Road Town,VG,18.42,-64.62,77.0,78.0,20.0,13.87,1584930571.0
College,US,64.86,-147.8,21.2,73.0,90.0,5.82,1584930605.0
Khovu-Aksy,RU,51.13,93.6,20.79,90.0,100.0,8.41,1584930842.0
Moscow,RU,55.75,37.62,25.0,57.0,13.0,8.95,1584930648.0
Pangnirtung,CA,66.15,-65.71,-9.63,82.0,88.0,5.12,1584930842.0
Tarnogskiy Gorodok,RU,60.5,43.58,16.11,90.0,0.0,3.18,1584930842.0
Vila Franca do Campo,PT,37.72,-25.43,55.4,71.0,40.0,6.93,1584930842.0
Eyl,SO,7.98,49.82,82.53,78.0,48.0,6.55,1584930843.0
Saravan,AM,39.72,45.65,33.8,86.0,40.0,4.7,1584930843.0
Khandyga,RU,62.67,135.6,16.65,88.0,100.0,3.36,1584930843.0
,,,,,,,,
Ocós,GT,14.51,-92.19,82.4,69.0,40.0,3.36,1584930843.0
Chapais,CA,49.78,-74.85,6.8,71.0,1.0,5.82,1584930843.0
Laas,IT,46.62,10.7,30.0,92.0,0.0,1.12,1584930843.0
San Patricio,MX,19.22,-104.7,80.6,78.0,20.0,5.82,1584930843.0
Jasper,US,37.2,-94.35,50.0,93.0,90.0,0.38,1584930844.0
Faanui,PF,-16.48,-151.75,83.97,63.0,23.0,1.12,1584930844.0
Coyhaique,CL,-45.58,-72.07,53.6,93.0,100.0,2.24,1584930844.0
Hay River,CA,60.82,-115.8,26.6,68.0,75.0,3.36,1584930844.0
Antsohihy,MG,-14.88,47.99,71.19,79.0,17.0,6.04,1584930844.0
,,,,,,,,
Bath,GB,51.38,-2.36,41.0,80.0,0.0,10.29,1584930555.0
,,,,,,,,
Jalu,LY,29.03,21.55,63.45,49.0,8.0,6.78,1584930845.0
Mushie,CD,-3.02,16.9,71.37,98.0,100.0,2.53,1584930845.0
Mana,GF,5.66,-53.78,72.63,96.0,0.0,2.21,1584930845.0
Pevek,RU,69.7,170.31,15.03,91.0,100.0,12.33,1584930845.0
Vanavara,RU,60.34,102.28,29.07,85.0,100.0,19.77,1584930845.0
Colares,PT,38.8,-9.45,55.99,87.0,20.0,11.41,1584930845.0
Constitución,CL,-35.33,-72.42,52.29,92.0,0.0,7.56,1584930846.0
Alyangula,AU,-13.85,136.42,91.4,55.0,100.0,13.87,1584930846.0
Burlington,US,39.88,-74.64,39.99,69.0,90.0,10.29,1584930653.0
Horsham,GB,51.06,-0.33,44.01,74.0,0.0,8.05,1584930606.0
Avera,US,33.19,-82.53,57.2,100.0,90.0,5.82,1584930846.0
,,,,,,,,
San Carlos,VE,9.66,-68.58,77.31,63.0,34.0,3.49,1584930846.0
Rawson,AR,-43.3,-65.1,67.41,53.0,95.0,17.72,1584930846.0
Abonnema,NG,4.71,6.79,80.6,83.0,40.0,5.48,1584930847.0
Khani,GE,41.96,42.96,41.0,80.0,40.0,3.36,1584930847.0
Point Fortin,TT,10.18,-61.68,77.0,88.0,40.0,5.82,1584930847.0
Offa,NG,8.15,4.72,75.15,91.0,93.0,10.29,1584930847.0
Baykit,RU,61.67,96.37,17.55,83.0,100.0,15.77,1584930847.0
Monte Alegre de Minas,BR,-18.87,-48.88,69.8,88.0,75.0,9.17,1584930847.0
Torbay,CA,47.67,-52.73,21.99,85.0,90.0,12.75,1584930847.0
Nouadhibou,MR,20.93,-17.03,62.6,77.0,0.0,11.41,1584930847.0
Marabba,SD,12.35,32.18,70.65,16.0,0.0,8.16,1584930848.0
Bagdarin,RU,54.43,113.6,29.07,72.0,100.0,3.13,1584930848.0
Batagay-Alyta,RU,67.8,130.41,0.45,73.0,0.0,5.28,1584930848.0
Cidreira,BR,-30.18,-50.21,74.25,78.0,0.0,23.09,1584930848.0
,,,,,,,,
Salamiyah,SY,35.01,37.05,42.57,88.0,3.0,5.95,1584930848.0
Matara,LK,5.95,80.54,80.73,64.0,16.0,7.83,1584930849.0
Fernley,US,39.61,-119.25,53.01,43.0,75.0,17.22,1584930849.0
Klaksvík,FO,62.23,-6.59,44.6,87.0,100.0,19.46,1584930849.0
Gizo Government Station,SB,-8.1,156.84,83.25,76.0,100.0,3.98,1584930849.0
Caucayá,CO,-0.19,-74.78,77.31,63.0,100.0,1.45,1584930849.0
Southbridge,US,42.08,-72.03,32.0,46.0,1.0,11.41,1584930758.0
Mount Isa,AU,-20.73,139.5,91.4,31.0,0.0,16.11,1584930849.0
Mineiros,BR,-17.57,-52.55,69.75,89.0,100.0,0.65,1584930731.0
Kumluca,TR,36.37,30.29,47.25,86.0,33.0,3.42,1584930849.0
Hirara,JP,24.8,125.28,73.4,83.0,75.0,10.29,1584930850.0
Davidson,US,36.15,-86.78,55.4,100.0,90.0,4.7,1584930850.0
Eilat,IL,29.56,34.95,55.4,47.0,0.0,5.82,1584930850.0
Safranbolu,TR,41.25,32.69,39.33,77.0,100.0,2.3,1584930850.0
,,,,,,,,
Dongsheng,CN,39.82,109.98,56.07,19.0,100.0,10.51,1584930850.0
Nefteyugansk,RU,61.1,72.6,-0.4,84.0,100.0,4.47,1584930850.0
Seoul,KR,37.57,126.98,57.2,40.0,1.0,2.24,1584930717.0
Meulaboh,ID,4.14,96.13,81.99,74.0,95.0,5.53,1584930851.0
Russellville,US,35.28,-93.13,48.99,93.0,90.0,1.7,1584930851.0
,,,,,,,,
Homer,US,59.64,-151.55,37.4,59.0,1.0,6.93,1584930851.0
Labuhan,ID,-6.88,112.21,87.21,66.0,48.0,1.86,1584930851.0
Yelizovo,RU,53.19,158.38,35.6,80.0,40.0,15.66,1584930851.0
Yinchuan,CN,38.47,106.27,51.01,39.0,95.0,3.0,1584930655.0
Imbituba,BR,-28.24,-48.67,73.4,69.0,75.0,8.05,1584930851.0
Taltal,CL,-25.4,-70.48,61.65,75.0,0.0,2.95,1584930852.0
Aku,NG,6.71,7.32,82.4,78.0,20.0,4.7,1584930852.0
Santa Cruz Cabrália,BR,-16.28,-39.02,75.2,88.0,75.0,4.7,1584930852.0
Buchanan,LR,5.88,-10.05,76.59,90.0,99.0,7.56,1584930852.0
,,,,,,,,
Qian’an,CN,44.99,124.06,43.47,33.0,0.0,10.31,1584930852.0
Kirakira,SB,-10.45,161.92,83.25,73.0,100.0,5.64,1584930853.0
Altea,ES,38.6,-0.05,57.2,87.0,40.0,8.05,1584930853.0
Marsh Harbour,BS,26.54,-77.06,73.89,77.0,0.0,12.08,1584930853.0
Airai,TL,-8.93,125.41,79.47,55.0,48.0,5.82,1584930853.0
Shingū,JP,33.73,135.98,60.8,41.0,20.0,16.11,1584930710.0
Alvarães,BR,-3.22,-64.8,78.75,82.0,96.0,4.07,1584930853.0
Grindavik,IS,63.84,-22.43,35.6,93.0,75.0,21.92,1584930853.0
Evensk,RU,61.95,159.23,27.99,96.0,100.0,5.82,1584930853.0
Wattegama,LK,6.8,81.48,78.8,100.0,5.0,6.93,1584930853.0
Scarborough,GB,54.28,-0.4,39.0,92.0,0.0,1.12,1584930854.0
Tinqueux,FR,49.25,3.98,36.0,74.0,0.0,3.36,1584930765.0
Bowen,AU,-20.02,148.23,88.0,70.0,75.0,14.99,1584930854.0
Bilma,NE,18.69,12.92,81.63,13.0,53.0,7.02,1584930660.0
Port Hardy,CA,50.7,-127.42,41.0,86.0,90.0,5.82,1584930854.0
Hue,VN,16.47,107.6,80.6,78.0,40.0,5.82,1584930854.0
Samarai,PG,-10.62,150.67,87.75,62.0,79.0,7.16,1584930854.0
,,,,,,,,
Turaif,SA,31.67,38.66,41.0,100.0,0.0,6.93,1584930855.0
Cayenne,GF,4.93,-52.33,75.2,88.0,20.0,3.74,1584930604.0
Vardø,NO,70.37,31.11,34.11,70.0,59.0,31.0,1584930855.0
Nichinan,JP,31.6,131.37,66.2,52.0,20.0,11.41,1584930855.0
Astara,AZ,38.5,48.67,48.2,100.0,90.0,2.24,1584930855.0
Godda,IN,24.83,87.22,79.11,50.0,0.0,4.47,1584930855.0
,,,,,,,,
Fayaoué,NC,-20.65,166.53,80.19,75.0,40.0,17.07,1584930855.0
Pinos,MX,22.3,-101.57,71.6,35.0,5.0,4.7,1584930856.0
Vila Velha,BR,-20.33,-40.29,73.4,88.0,90.0,13.87,1584930856.0
Geelong,AU,-38.15,144.36,64.0,59.0,90.0,11.41,1584930856.0
,,,,,,,,
Umluj,SA,25.02,37.27,57.69,34.0,0.0,1.52,1584930856.0
,,,,,,,,
Durban,ZA,-29.86,31.03,75.0,94.0,20.0,1.12,1584930604.0
Khovd,MN,48.01,91.64,38.97,34.0,100.0,9.98,1584930857.0
Tacoaleche,MX,22.82,-102.42,73.4,23.0,20.0,11.41,1584930857.0
,,,,,,,,
,,,,,,,,
Swan Hill,AU,-35.34,143.55,69.01,42.0,15.0,7.0,1584930857.0
Ndélé,CF,8.41,20.65,79.29,38.0,0.0,5.84,1584930857.0
Ýpsonas,CY,34.69,32.96,48.2,81.0,0.0,4.7,1584930857.0
Zeya,RU,53.75,127.27,26.55,66.0,0.0,4.21,1584930857.0
Provideniya,RU,64.38,-173.3,33.8,97.0,90.0,24.61,1584930857.0
Akhisar,TR,38.92,27.84,45.81,84.0,72.0,2.77,1584930858.0
Saint-Pierre,RE,-21.34,55.48,77.0,78.0,75.0,11.41,1584930858.0
Bambanglipuro,ID,-7.95,110.28,85.77,67.0,97.0,3.44,1584930858.0
Burnie,AU,-41.07,145.92,56.43,59.0,0.0,7.7,1584930858.0
Slonim,BY,53.09,25.32,24.93,57.0,0.0,7.07,1584930858.0
Abu Samrah,SY,35.3,37.18,44.55,83.0,0.0,8.46,1584930858.0
Salalah,OM,17.02,54.09,78.8,100.0,75.0,9.17,1584930859.0
Kununurra,AU,-15.77,128.73,95.0,36.0,86.0,3.36,1584930859.0
Iqaluit,CA,63.75,-68.51,14.0,72.0,75.0,11.41,1584930859.0
,,,,,,,,
Comodoro Rivadavia,AR,-45.87,-67.5,69.8,56.0,74.0,4.81,1584930601.0
Darnah,LY,32.77,22.64,61.47,72.0,0.0,9.53,1584930859.0
High Rock,BS,26.62,-78.28,74.61,72.0,1.0,11.95,1584930859.0
,,,,,,,,
Viedma,AR,-40.81,-63.0,73.71,42.0,81.0,10.76,1584930859.0
Geraldton,AU,-28.77,114.6,89.6,33.0,0.0,21.92,1584930860.0
Pavlovo,RU,55.97,43.09,21.2,57.0,0.0,8.95,1584930860.0
Solnechnyy,RU,50.72,136.63,30.33,69.0,85.0,3.0,1584930860.0
Finschhafen,PG,-6.6,147.87,83.97,75.0,100.0,9.28,1584930860.0
Srandakan,ID,-7.94,110.25,85.77,67.0,97.0,3.44,1584930860.0
,,,,,,,,
Agüimes,ES,27.91,-15.45,63.0,63.0,20.0,11.41,1584930860.0
,,,,,,,,
Port Hedland,AU,-20.32,118.57,96.8,39.0,100.0,6.93,1584930861.0
Touros,BR,-5.2,-35.46,78.8,88.0,20.0,2.24,1584930861.0
Nelson Bay,AU,-32.72,152.15,73.4,56.0,90.0,16.11,1584930861.0
,,,,,,,,
Tacuarembó,UY,-31.73,-55.98,62.01,58.0,0.0,7.52,1584930861.0
Trairi,BR,-3.28,-39.27,73.35,95.0,98.0,0.87,1584930861.0
Tual,ID,-5.67,132.75,81.45,72.0,100.0,1.63,1584930861.0
Huarmey,PE,-10.07,-78.15,72.99,60.0,83.0,0.81,1584930861.0
Vaitape,PF,-16.52,-151.75,83.97,63.0,23.0,1.12,1584930862.0
Edd,ER,13.93,41.69,74.07,79.0,57.0,4.16,1584930862.0
Abrau-Dyurso,RU,44.69,37.59,46.0,93.0,75.0,4.47,1584930862.0
Namatanai,PG,-3.67,152.43,80.73,77.0,100.0,3.96,1584930862.0
Tiksi,RU,71.69,128.87,-2.43,78.0,57.0,9.4,1584930862.0
Pemangkat,ID,1.17,108.97,82.89,75.0,100.0,4.61,1584930862.0
Hudiksvall,SE,61.73,17.1,28.99,76.0,91.0,1.01,1584930862.0
Belaya Gora,RU,68.53,146.42,4.23,81.0,0.0,4.36,1584930862.0
Salinópolis,BR,-0.61,-47.36,81.81,79.0,100.0,6.29,1584930863.0
Jiayuguan City,CN,39.82,98.3,54.27,32.0,19.0,10.36,1584930863.0
Toyo,PH,10.73,125.02,81.99,66.0,99.0,6.82,1584930863.0
,,,,,,,,
Toora-Khem,RU,52.47,96.11,28.53,65.0,100.0,5.21,1584930863.0
Itaituba,BR,-4.28,-55.98,72.81,97.0,3.0,1.25,1584930863.0
Non Sang,TH,16.87,102.57,88.0,61.0,20.0,6.93,1584930863.0
Wajir,KE,1.75,40.06,80.91,72.0,100.0,12.53,1584930863.0
Bodden Town,KY,19.28,-81.25,78.8,83.0,20.0,9.17,1584930864.0
Tupik,RU,54.43,119.93,26.91,90.0,0.0,1.81,1584930665.0
,,,,,,,,
Mehrān,IR,33.12,46.16,33.8,66.0,33.0,2.24,1584930864.0
Boa Viagem,BR,-5.13,-39.73,73.35,90.0,100.0,3.8,1584930864.0
Hambantota,LK,6.12,81.12,78.8,100.0,5.0,6.93,1584930864.0
Benguela,AO,-12.58,13.41,77.67,85.0,100.0,1.88,1584930865.0
Ben Gardane,TN,33.14,11.22,56.79,90.0,65.0,5.97,1584930865.0
Sendenhorst,DE,51.83,7.83,34.0,47.0,0.0,4.7,1584930865.0
Southampton,GB,50.9,-1.4,43.0,69.0,0.0,10.29,1584930689.0
Acapulco de Juárez,MX,16.86,-99.89,82.4,78.0,40.0,6.93,1584930697.0
Bowling Green,US,36.99,-86.44,51.8,87.0,90.0,6.93,1584930790.0
Vallentuna,SE,59.53,18.08,34.0,79.0,100.0,9.17,1584930865.0
Popondetta,PG,-8.75,148.25,85.77,66.0,78.0,5.23,1584930865.0
Mitzic,GA,0.78,11.55,68.67,97.0,100.0,0.85,1584930866.0
Mareeba,AU,-17.0,145.43,86.0,66.0,40.0,16.11,1584930866.0
,,,,,,,,
San Isidro,PE,-12.12,-77.05,77.0,65.0,100.0,12.75,1584930866.0
Amga,RU,60.9,131.96,23.31,89.0,100.0,0.67,1584930866.0
Lubāna,LV,56.9,26.72,24.57,54.0,0.0,1.86,1584930866.0
Taoudenni,ML,22.68,-3.98,64.89,17.0,7.0,9.28,1584930866.0
Nuuk,GL,64.18,-51.72,19.4,62.0,81.0,12.75,1584930867.0
Ballangen,NO,68.34,16.83,39.2,80.0,100.0,33.33,1584930867.0
Grande Prairie,CA,55.17,-118.8,32.0,99.0,90.0,9.17,1584930779.0
Pisco,PE,-13.7,-76.22,73.4,78.0,56.0,10.29,1584930867.0
Bongandanga,CD,1.5,21.05,67.05,98.0,93.0,2.66,1584930867.0
Nacala,MZ,-14.54,40.67,71.37,96.0,31.0,7.74,1584930867.0
Virginia Beach,US,36.85,-75.98,48.99,87.0,90.0,13.87,1584930524.0
General Roca,AR,-39.03,-67.58,64.4,77.0,0.0,4.47,1584930867.0
Massapê,BR,-3.52,-40.34,71.91,96.0,98.0,1.77,1584930867.0
Kassala,SD,15.45,36.4,60.03,86.0,13.0,8.72,1584930653.0
Sambava,MG,-14.27,50.17,67.59,89.0,7.0,3.47,1584930868.0
,,,,,,,,
Sakakah,SA,29.97,40.21,44.6,52.0,0.0,6.93,1584930868.0
Dickinson,US,29.46,-95.05,73.99,88.0,20.0,10.29,1584930812.0
Yangi Marg`ilon,UZ,40.43,71.72,51.8,71.0,95.0,4.7,1584930868.0
Padampur,IN,29.68,73.62,74.61,39.0,94.0,11.25,1584930868.0
,,,,,,,,
Saldanha,ZA,-33.01,17.94,59.0,82.0,67.0,5.82,1584930869.0
Katsuura,JP,35.13,140.3,53.01,66.0,75.0,12.75,1584930869.0
Kincardine,GB,56.07,-3.72,37.99,100.0,100.0,3.36,1584930869.0
Belyy Yar,RU,53.6,91.39,35.6,51.0,0.0,8.95,1584930869.0
,,,,,,,,
Roald,NO,62.58,6.13,41.0,65.0,100.0,14.99,1584930869.0
Aktash,RU,50.3,87.73,16.47,89.0,100.0,4.54,1584930869.0
,,,,,,,,
Pimentel,PE,-6.84,-79.93,72.81,87.0,100.0,11.56,1584930870.0
Andenes,NO,69.31,16.12,39.2,70.0,100.0,20.8,1584930870.0
,,,,,,,,
,,,,,,,,
Shirokiy,RU,49.76,129.52,24.75,81.0,0.0,9.57,1584930870.0
Isangel,VU,-19.55,169.27,84.2,74.0,75.0,16.11,1584930870.0
Chicama,PE,-7.84,-79.15,74.61,60.0,100.0,3.6,1584930870.0
Kampong Thom,KH,12.71,104.89,91.17,47.0,0.0,9.26,1584930870.0
Zhangjiakou,CN,40.81,114.88,48.15,21.0,0.0,2.77,1584930870.0
Arrondissement de Saint-Denis,FR,48.92,2.33,39.99,59.0,0.0,6.93,1584930871.0
Haines Junction,CA,60.75,-137.51,12.69,80.0,99.0,6.76,1584930871.0
Portland,US,45.52,-122.68,61.0,41.0,75.0,6.93,1584930602.0
Luanda,AO,-8.84,13.23,78.8,83.0,20.0,3.36,1584930728.0
Doha,QA,25.29,51.53,68.0,34.0,0.0,10.29,1584930853.0
Mayo,US,38.89,-76.51,45.0,70.0,1.0,12.75,1584930871.0
Mezhdurechensk,RU,53.69,88.06,23.67,80.0,100.0,6.53,1584930871.0
Bloemfontein,ZA,-29.12,26.21,59.0,93.0,100.0,2.24,1584930871.0
Bollnäs,SE,61.35,16.39,28.99,76.0,59.0,1.01,1584930734.0
Ouallam,NE,14.32,2.09,81.99,15.0,44.0,9.86,1584930872.0
Puerto Suárez,BO,-18.95,-57.8,74.61,95.0,2.0,2.53,1584930872.0
Nikel,RU,69.41,30.22,30.2,68.0,20.0,48.32,1584930872.0
Matiri,TZ,-10.75,34.9,61.29,98.0,100.0,0.85,1584930872.0
Tuxpan,MX,19.55,-103.4,73.4,83.0,20.0,9.17,1584930872.0
Byron Bay,AU,-28.65,153.62,82.0,65.0,75.0,19.46,1584930872.0
Āsmār,AF,35.03,71.36,50.13,48.0,100.0,7.9,1584930873.0
Zacualpan,MX,21.25,-105.17,77.0,78.0,5.0,6.93,1584930873.0
Egvekinot,RU,66.32,-179.17,18.99,97.0,100.0,6.64,1584930873.0
Sisimiut,GL,66.94,-53.67,2.79,97.0,100.0,2.44,1584930873.0
Vyartsilya,RU,62.18,30.69,24.21,68.0,0.0,7.52,1584930873.0
Collie,AU,-33.37,116.15,80.01,39.0,2.0,5.97,1584930873.0
Daye,CN,30.08,114.95,67.95,61.0,71.0,5.12,1584930873.0
Hervey Bay,AU,-25.3,152.85,86.0,58.0,0.0,12.75,1584930874.0
Santa Isabel Rio Negro,BR,-0.41,-65.02,78.03,72.0,0.0,2.24,1584930874.0
Cam Ranh,VN,11.92,109.16,80.6,65.0,20.0,3.36,1584930874.0
Vityazevo,RU,44.99,37.27,46.0,93.0,75.0,4.47,1584930874.0
Ponnāni,IN,10.77,75.93,78.8,78.0,20.0,2.24,1584930874.0
Vestmannaeyjar,IS,63.44,-20.27,40.41,83.0,100.0,44.54,1584930874.0
Rockhampton,AU,-23.38,150.5,87.8,52.0,20.0,6.93,1584930712.0
Kalmunai,LK,7.42,81.82,81.63,67.0,56.0,6.44,1584930662.0
Oranjemund,NA,-28.55,16.43,57.51,94.0,18.0,6.98,1584930874.0
,,,,,,,,
Acaponeta,MX,22.5,-105.36,65.25,79.0,1.0,1.41,1584930875.0
Najrān,SA,17.49,44.13,66.2,45.0,25.0,5.82,1584930796.0
Walvis Bay,NA,-22.96,14.51,62.01,93.0,46.0,8.05,1584930629.0
Karratha,AU,-20.74,116.85,85.23,67.0,34.0,2.77,1584930875.0
Al Bardīyah,LY,31.76,25.09,61.47,64.0,0.0,9.86,1584930875.0
Iturama,BR,-19.73,-50.2,70.11,94.0,1.0,4.85,1584930875.0
,,,,,,,,
Koslan,RU,63.46,48.9,14.85,94.0,69.0,7.7,1584930876.0
Hofn,IS,64.25,-15.21,42.75,67.0,100.0,41.94,1584930876.0
Tegul'det,RU,57.31,88.17,8.73,83.0,100.0,12.01,1584930876.0
Auxerre,FR,47.8,3.57,37.99,59.0,0.0,9.17,1584930876.0
,,,,,,,,
Padang,ID,-0.95,100.35,78.39,80.0,100.0,1.83,1584930876.0
Tadine,NC,-21.55,167.88,79.83,66.0,24.0,14.61,1584930876.0
Lagan,RU,45.39,47.37,44.91,72.0,5.0,12.12,1584930877.0
Saint-Augustin,CA,51.23,-58.65,11.61,75.0,0.0,14.9,1584930877.0
Itacoatiara,BR,-3.14,-58.44,77.0,100.0,13.0,1.12,1584930877.0
Severo-Kuril'sk,RU,50.68,156.12,28.89,97.0,100.0,10.85,1584930877.0
Lyubytino,RU,58.81,33.39,20.79,66.0,0.0,1.03,1584930877.0
Zhezkazgan,KZ,47.8,67.71,24.8,85.0,27.0,8.95,1584930877.0
Vrangel',RU,42.73,133.08,34.83,66.0,63.0,17.13,1584930877.0
,,,,,,,,
Sharkan,RU,57.3,53.87,14.0,79.0,0.0,5.53,1584930878.0
Okhotsk,RU,59.38,143.3,20.07,74.0,0.0,16.15,1584930878.0
São Félix do Xingu,BR,-6.64,-51.99,72.27,92.0,92.0,1.45,1584930878.0
Saltpond,GH,5.21,-1.06,82.71,83.0,100.0,10.2,1584930878.0
Rodolfo Sánchez Taboada,MX,31.72,-116.57,61.0,84.0,96.0,1.01,1584930878.0
Neepawa,CA,50.23,-99.47,24.8,73.0,5.0,8.05,1584930878.0
Barbastro,ES,42.04,0.13,50.0,87.0,90.0,5.82,1584930647.0
Ottawa,CA,45.41,-75.7,26.01,45.0,5.0,11.41,1584930593.0
Santo Domingo,DO,18.5,-69.99,77.0,78.0,20.0,6.93,1584930684.0
Markova,UA,48.68,24.41,20.43,97.0,100.0,2.59,1584930879.0
Englewood,US,39.65,-104.99,48.0,48.0,20.0,4.7,1584930879.0
Leshukonskoye,RU,64.9,45.76,19.17,91.0,93.0,8.7,1584930879.0
Morant Bay,JM,17.88,-76.41,78.8,69.0,20.0,3.36,1584930879.0
Muzhi,RU,65.37,64.67,15.75,84.0,0.0,11.68,1584930879.0
Nome,US,64.5,-165.41,32.0,99.0,90.0,11.59,1584930879.0
Moa,CU,20.66,-74.94,63.45,93.0,8.0,3.67,1584930879.0
Owosso,US,43.0,-84.18,36.0,86.0,90.0,8.05,1584930879.0
Tilichiki,RU,60.47,166.1,33.21,98.0,100.0,10.33,1584930784.0
Poplar Bluff,US,36.76,-90.39,48.2,81.0,90.0,2.71,1584930880.0
Gönen,TR,40.1,27.65,48.2,87.0,75.0,14.99,1584930880.0
Broken Hill,AU,-31.95,141.43,69.8,32.0,4.0,16.11,1584930656.0
Plauen,DE,50.5,12.13,26.01,73.0,0.0,2.24,1584930880.0
Karasjok,NO,69.47,25.51,35.6,64.0,85.0,34.45,1584930880.0
Phonhong,LA,18.5,102.42,75.2,94.0,40.0,2.24,1584930880.0
Sicuani,PE,-14.27,-71.23,34.29,91.0,100.0,2.48,1584930880.0
,,,,,,,,
Juneau,US,58.3,-134.42,46.4,28.0,75.0,8.05,1584930881.0
Bawku,GH,11.06,-0.24,79.29,59.0,44.0,6.78,1584930881.0
Atambua,ID,-9.11,124.89,83.07,67.0,15.0,5.77,1584930881.0
Kudahuvadhoo,MV,2.67,72.89,84.69,63.0,9.0,7.65,1584930881.0
Reconquista,AR,-29.15,-59.65,69.03,48.0,0.0,7.85,1584930881.0
Maraã,BR,-1.83,-65.37,77.67,81.0,62.0,1.07,1584930881.0
,,,,,,,,
Jackson,US,42.42,-122.83,66.2,29.0,20.0,9.17,1584930842.0
Bauchi,NG,10.5,10.0,76.05,21.0,11.0,2.82,1584930629.0
Perth,AU,-31.93,115.83,82.99,42.0,0.0,13.87,1584930633.0
Rognan,NO,67.1,15.39,41.0,87.0,40.0,14.99,1584930882.0
Kem',RU,64.96,34.58,24.75,78.0,100.0,14.76,1584930882.0
Mabay,PH,6.06,124.47,93.2,46.0,20.0,6.93,1584930882.0
Vändra,EE,58.65,25.04,25.29,58.0,0.0,3.51,1584930882.0
Aykhal,RU,66.0,111.5,8.6,92.0,90.0,4.47,1584930882.0
Shubarkuduk,KZ,49.14,56.49,35.37,69.0,100.0,9.91,1584930882.0
Lucapa,AO,-8.42,20.74,61.83,96.0,100.0,7.65,1584930883.0
Talcahuano,CL,-36.72,-73.12,55.4,87.0,0.0,6.93,1584930883.0
Gigmoto,PH,13.78,124.39,81.63,72.0,43.0,8.79,1584930883.0
Lagoa,PT,39.05,-27.98,55.71,69.0,86.0,5.14,1584930883.0
Berlevåg,NO,70.86,29.09,37.53,65.0,96.0,33.55,1584930883.0
Hamilton,US,39.18,-84.53,45.0,80.0,90.0,5.97,1584930630.0
Westport,US,41.14,-73.36,37.99,59.0,75.0,10.29,1584930606.0
Mersing,MY,2.43,103.84,82.4,88.0,20.0,2.24,1584930884.0
Gubkinskiy,RU,64.43,76.5,-9.45,94.0,0.0,9.01,1584930884.0
Lixouri,GR,38.2,20.43,57.87,75.0,100.0,6.78,1584930884.0
Tazmalt,DZ,36.39,4.4,50.0,93.0,40.0,5.82,1584930884.0
Balkanabat,TM,39.51,54.37,48.33,52.0,100.0,11.05,1584930884.0
Kitimat,CA,54.05,-128.65,39.2,86.0,90.0,3.36,1584930884.0
Shīeli,KZ,44.17,66.75,44.91,41.0,76.0,21.43,1584930884.0
Charters Towers,AU,-20.1,146.27,86.13,58.0,71.0,15.52,1584930884.0
